{
    "Linear_Regression": {
        "RMSE": 22.3237622961502,
        "R2": 0.5259167721695537,
        "MAPE": 84.6245104060449
    },
    "Random_Forest": {
        "RMSE": 5.3754488184708835,
        "R2": 0.9725116118675308,
        "MAPE": 9.509614195813706
    },
    "XGBoost": {
        "RMSE": 4.208003619783534,
        "R2": 0.9831549525260925,
        "MAPE": 7.498133182525635
    },
    "CatBoost": {
        "RMSE": 6.074937148452594,
        "R2": 0.9648922182221066,
        "MAPE": 7.330937058560803
    },
    "KNN": {
        "RMSE": 8.479976415061545,
        "R2": 0.9315916522979962,
        "MAPE": 12.102388635436373
    }
}